{
  "channels": [
    "att_roll",
    "att_pitch",
    "att_yaw",
    "att_roll_speed",
    "att_pitch_speed",
    "att_yaw_speed",
    "imu_xacc",
    "imu_yacc",
    "imu_zacc",
    "imu_xgyro",
    "imu_ygyro",
    "imu_zgyro",
    "batt_voltage",
    "thr1",
    "thr2",
    "thr3",
    "thr4",
    "thr5",
    "thr6",
    "press_int",
    "temp_int",
    "press_ext",
    "temp_ext"
  ],
  "mean": [
    0.11528083682060242,
    0.040951721370220184,
    0.5706242322921753,
    0.004029355943202972,
    -0.0017060019308701158,
    -0.001921543967910111,
    0.04286700859665871,
    -0.12687334418296814,
    -0.9460268020629883,
    0.02910599298775196,
    -0.0053335633128881454,
    0.04544438421726227,
    13.880345344543457,
    1586.644287109375,
    1604.1075439453125,
    1591.857177734375,
    1598.44091796875,
    1504.8009033203125,
    1554.236083984375,
    102905.359375,
    47.29586410522461,
    147230.84375,
    16.250539779663086
  ],
  "std": [
    0.14041733741760254,
    0.23364190757274628,
    1.2686139345169067,
    0.17023780941963196,
    0.23660515248775482,
    0.4684016704559326,
    0.21583645045757294,
    0.12212084233760834,
    0.060764819383621216,
    0.1745605319738388,
    0.24384817481040955,
    0.4657101035118103,
    0.6420078277587891,
    131.7244873046875,
    133.75335693359375,
    140.8614959716797,
    124.46232604980469,
    89.84796905517578,
    79.9417495727539,
    918.4719848632812,
    0.2766278088092804,
    13321.5,
    0.03019440360367298
  ],
  "window": 64,
  "latent": 64,
  "threshold": 0.41755759716033936,
  "target_far": 0.02
}